"","elpd_diff","se_diff","elpd_loo","se_elpd_loo","p_loo","se_p_loo","looic","se_looic","model"
"model2",0,0,-402.631065381781,14.7123470240736,33.4275426905468,3.58106075757776,805.262130763563,29.4246940481472,"all_int"
"model1",-0.439422791645018,1.24437701846938,-403.070488173426,14.6757946891618,35.1827388889319,3.51307858458936,806.140976346853,29.3515893783236,"vary_slope"
"model6",-1.53164799577183,0.79014874880492,-404.162713377553,14.9237399091153,33.6336428608367,3.73760219704453,808.325426755106,29.8474798182306,"angler_date"
"model7",-27.036914148973,5.69668189047438,-429.667979530754,16.9364844765579,23.6020555135058,3.75554064923908,859.335959061508,33.8729689531157,"angler_lake"
"model3",-27.7244832034035,5.82035165412586,-430.355548585185,17.1505004947758,22.2731871512023,3.82007741029169,860.71109717037,34.3010009895517,"angler_only"
"model8",-29.7959421579349,6.12409883983624,-432.427007539716,15.2269230639118,30.0991206333919,3.49925980341116,864.854015079433,30.4538461278236,"date_lake"
"model4",-29.9905366167116,6.07419539493166,-432.621601998493,15.257456699787,29.595184189189,3.50957853010439,865.243203996986,30.514913399574,"date_only"
"model5",-51.7015002236244,7.27922539985334,-454.332565605406,16.2428191259903,11.2246866761048,1.61501381158354,908.665131210812,32.4856382519805,"lake_only"
