"","elpd_diff","se_diff","elpd_loo","se_elpd_loo","p_loo","se_p_loo","looic","se_looic","model"
"model2",0,0,-398.2468814124,14.7922970548856,40.0938328222205,4.17558761674195,796.4937628248,29.5845941097712,"all_int"
"model1",-0.229569424850371,0.736333410201874,-398.47645083725,14.8298381835719,41.9597377483102,4.23543983383916,796.9529016745,29.6596763671437,"vary_slope"
"model6",-0.80006560822407,0.702426618738705,-399.046947020624,14.9908929396318,40.1302718488147,4.33046690978526,798.093894041247,29.9817858792636,"angler_date"
"model7",-31.6357202706202,7.13482894606274,-429.88260168302,17.4196026971499,26.02639468852,4.21843402509305,859.76520336604,34.8392053942997,"angler_lake"
"model3",-32.0529224188779,7.42538656541242,-430.299803831278,17.6946330471719,25.2030793049763,4.4510323510392,860.599607662556,35.3892660943438,"angler_only"
"model8",-33.5691032002546,6.93767292512812,-431.815984612654,15.5606472137908,34.9897512905637,4.12435804681194,863.631969225309,31.1212944275815,"date_lake"
"model4",-33.8254009547469,6.87724356309566,-432.072282367147,15.6356590257107,34.4683342427491,4.15087856722274,864.144564734294,31.2713180514214,"date_only"
"model5",-56.037799998999,8.12389290110723,-454.284681411399,16.3874306299497,11.873243516236,1.73492003410052,908.569362822798,32.7748612598994,"lake_only"
