"","elpd_diff","se_diff","elpd_loo","se_elpd_loo","p_loo","se_p_loo","looic","se_looic","model"
"model2",0,0,-398.087854870311,14.870569713888,40.0752906320968,4.25886295786722,796.175709740622,29.741139427776,"all_int"
"model1",-0.427206899563278,0.770057980053822,-398.515061769874,14.8438634127976,41.9983486809343,4.25875561223379,797.030123539748,29.6877268255953,"vary_slope"
"model6",-1.298515200457,0.745972511994249,-399.386370070768,15.0813623573816,40.3559738362061,4.43879785892404,798.772740141536,30.1627247147632,"angler_date"
"model7",-31.7086898447509,6.93506859934776,-429.796544715061,17.4194720880173,26.0001519474796,4.2228795115875,859.593089430123,34.8389441760345,"angler_lake"
"model3",-32.1519767541592,7.28964635799061,-430.23983162447,17.7560470313937,25.3394236558081,4.59280502492635,860.47966324894,35.5120940627875,"angler_only"
"model8",-33.2254842049493,6.95743562193607,-431.31333907526,15.5343661208276,34.4563303257934,4.06915422099547,862.62667815052,31.0687322416552,"date_lake"
"model4",-34.1394928113095,6.97365602424179,-432.22734768162,15.6042870310963,34.7195485559561,4.16717951367916,864.454695363241,31.2085740621926,"date_only"
"model5",-56.1040525764716,8.11943911812213,-454.191907446783,16.3689704542745,11.7892992610211,1.70725514079841,908.383814893565,32.7379409085489,"lake_only"
"model9",-129.261675388967,13.7030166793031,-527.349530259278,23.4416183332791,1.1177337923536,0.184237456586319,1054.69906051856,46.8832366665582,"null"
